Order_Date,Category,Region,Customer_Segment,Quantity,Unit_Price,Discount,Shipping_Cost,Customer_Rating,Revenue,Profit
2023-01-01 00:00:00.000000000,Sports,South,Corporate,11,168.79,0.26,33.0,2.4,1373.95,226.94
2023-01-02 11:06:36.793587174,Books,West,Home Office,17,227.14,0.12,4.15,4.3,3398.01,1077.03
2023-01-03 22:13:13.587174348,Home & Garden,West,Consumer,13,336.35,0.3,38.57,3.1,3060.78,398.68
2023-01-05 09:19:50.380761523,Books,North,Home Office,11,77.15,0.33,47.44,2.9,568.6,11.97
2023-01-06 20:26:27.174348697,Books,South,Corporate,2,227.47,0.25,18.31,1.2,341.2,49.93
2023-01-08 07:33:03.967935871,Clothing,North,Consumer,9,296.0,0.28,26.83,2.2,1918.08,292.85
2023-01-09 18:39:40.761523046,Home & Garden,East,Consumer,2,474.55,0.15,20.19,4.7,806.74,217.09
2023-01-11 05:46:17.555110220,Home & Garden,East,Corporate,9,130.0,0.22,2.32,2.6,912.6,208.28
2023-01-12 16:52:54.348697394,Home & Garden,North,Corporate,9,182.83,0.21,20.52,3.2,1299.92,292.12
2023-01-14 03:59:31.142284569,Books,West,Corporate,8,192.78,,,,1017.88,52.54
2023-01-15 15:06:07.935871743,Sports,West,Home Office,17,304.74,0.34,30.61,3.4,3419.18,280.22
2023-01-17 02:12:44.729458917,Home & Garden,North,Home Office,1,181.58,0.33,6.86,1.2,121.66,5.85
2023-01-18 13:19:21.523046092,Books,North,Consumer,11,269.09,0.0,42.66,2.4,2959.99,1141.34
2023-01-20 00:25:58.316633266,Clothing,East,Corporate,8,391.99,0.3,27.49,3.9,2195.14,286.1
2023-01-21 11:32:35.110220440,Sports,West,Consumer,10,354.17,0.3,42.4,1.8,2479.19,311.77
2023-01-22 22:39:11.903807615,Clothing,North,Consumer,7,225.95,0.27,29.85,1.8,1154.6,175.76
2023-01-24 09:45:48.697394789,Sports,East,Consumer,3,432.79,0.3,28.87,1.0,908.86,100.97
2023-01-25 20:52:25.490981963,Books,West,Consumer,3,281.28,0.34,7.05,2.7,556.93,43.58
2023-01-27 07:59:02.284569138,Electronics,South,Corporate,18,272.25,0.19,10.03,4.5,3969.4,1019.07
2023-01-28 19:05:39.078156312,Sports,East,Consumer,5,21.92,0.2,48.66,1.2,87.68,-26.74
2023-01-30 06:12:15.871743487,Clothing,West,Corporate,12,493.41,0.05,12.97,1.8,5624.87,2059.35
2023-01-31 17:18:52.665330661,Books,West,Corporate,12,65.87,0.15,48.92,2.2,671.87,148.69
2023-02-02 04:25:29.458917835,Sports,East,Home Office,19,119.41,0.26,27.53,3.9,1678.9,290.1
2023-02-03 15:32:06.252505010,Electronics,South,Corporate,6,30.59,0.31,8.52,3.6,126.64,8.0
2023-02-05 02:38:43.046092184,Electronics,East,Home Office,2,321.8,0.09,6.77,2.7,585.68,192.75
2023-02-06 13:45:19.839679358,Home & Garden,West,Corporate,12,116.23,0.06,12.03,4.0,1311.07,462.18
2023-02-08 00:51:56.633266533,Home & Garden,North,Corporate,19,94.11,0.27,46.43,3.4,1305.31,186.03
2023-02-09 11:58:33.426853707,Clothing,North,Corporate,5,48.84,0.0,21.88,4.6,244.2,75.8
2023-02-10 23:05:10.220440881,Sports,East,Home Office,12,56.14,0.07,20.98,4.3,626.52,201.33
2023-02-12 10:11:47.014028056,Sports,West,Home Office,17,294.41,0.01,17.03,2.0,4954.92,1934.91
2023-02-13 21:18:23.807615230,Home & Garden,North,Consumer,17,345.66,,,,5464.88,1930.09
2023-02-15 08:25:00.601202404,Sports,West,Home Office,10,201.7,0.07,25.42,1.5,1875.81,640.19
2023-02-16 19:31:37.394789579,Sports,East,Home Office,17,242.55,0.16,8.24,2.3,3463.61,981.36
2023-02-18 06:38:14.188376753,Electronics,North,Home Office,15,344.55,0.16,42.1,5.0,10054.741538314198,1198.28
2023-02-19 17:44:50.981963927,Home & Garden,West,Home Office,12,13.6,0.35,19.78,2.6,106.08,-11.62
2023-02-21 04:51:27.775551102,Books,North,Consumer,16,164.95,0.2,19.99,1.9,2111.36,507.85
2023-02-22 15:58:04.569138276,Home & Garden,East,Home Office,19,486.68,0.29,24.75,4.0,6565.31,992.41
2023-02-24 03:04:41.362725451,Books,West,Corporate,8,292.16,0.04,23.32,3.2,2243.79,818.1
2023-02-25 14:11:18.156312625,Electronics,North,Corporate,17,130.84,0.09,49.75,1.6,2024.09,639.77
2023-02-27 01:17:54.949899799,Clothing,East,Home Office,5,263.26,0.28,28.18,2.5,947.74,129.78
2023-02-28 12:24:31.743486974,Sports,North,Home Office,16,174.61,0.02,6.23,2.7,2737.88,1055.39
2023-03-01 23:31:08.537074148,Electronics,North,Corporate,6,268.46,0.19,31.13,4.0,1304.72,307.13
2023-03-03 10:37:45.330661322,Sports,South,Corporate,8,67.24,0.24,9.28,1.1,408.82,76.79
2023-03-04 21:44:22.124248497,Clothing,South,Consumer,18,70.69,0.24,3.49,2.1,967.04,200.1
2023-03-06 08:50:58.917835671,Clothing,East,Corporate,12,76.05,0.01,48.6,3.1,903.47,307.31
2023-03-07 19:57:35.711422845,Electronics,South,Corporate,15,470.21,0.13,39.13,2.1,6136.24,1865.22
2023-03-09 07:04:12.505010020,Clothing,East,Home Office,9,367.78,0.25,49.05,3.5,2482.51,447.45
2023-03-10 18:10:49.298597194,Books,South,Corporate,13,85.38,0.06,24.94,2.9,1043.34,352.44
2023-03-12 05:17:26.092184368,Clothing,North,Consumer,15,98.23,0.28,27.55,2.4,1060.88,149.26
2023-03-13 16:24:02.885771543,Sports,East,Corporate,10,366.76,0.3,10.08,4.8,2567.32,356.68
2023-03-15 03:30:39.679358717,Sports,East,Home Office,16,82.3,0.39,13.85,3.5,803.25,-0.68
2023-03-16 14:37:16.472945892,Sports,North,Home Office,7,121.11,0.08,42.25,1.5,779.95,229.04
2023-03-18 01:43:53.266533066,Sports,East,Corporate,17,481.86,0.33,19.1,3.2,5488.39,554.32
2023-03-19 12:50:30.060120240,Books,East,Home Office,7,131.38,0.21,41.69,4.1,726.53,133.04
2023-03-20 23:57:06.853707415,Home & Garden,South,Consumer,14,332.51,0.15,36.03,3.8,3956.87,1127.76
2023-03-22 11:03:43.647294589,Electronics,East,Consumer,15,489.42,0.05,10.5,1.7,6974.24,2558.96
2023-03-23 22:10:20.440881763,Sports,West,Corporate,7,190.28,0.29,26.36,4.9,945.69,120.15
2023-03-25 09:16:57.234468938,Clothing,North,Corporate,9,13.67,0.09,34.51,2.8,111.96,3.63
2023-03-26 20:23:34.028056112,Sports,South,Corporate,19,125.85,0.15,13.28,1.6,2032.48,584.51
2023-03-28 07:30:10.821643286,Clothing,South,Home Office,16,416.28,0.03,41.87,1.7,6460.67,2422.51
2023-03-29 18:36:47.615230461,Clothing,West,Consumer,8,432.98,0.32,28.15,1.4,2355.41,248.96
2023-03-31 05:43:24.408817635,Sports,North,Consumer,18,385.42,0.31,9.93,4.2,4786.92,614.45
2023-04-01 16:50:01.202404809,Books,North,Home Office,18,60.99,0.29,29.98,1.5,779.45,90.78
2023-04-03 03:56:37.995991984,Clothing,South,Consumer,7,398.78,0.12,49.99,1.5,2456.48,731.61
2023-04-04 15:03:14.789579158,Clothing,East,Corporate,3,459.75,0.07,9.23,4.4,1282.7,445.92
2023-04-06 02:09:51.583166332,Sports,South,Corporate,18,302.3,0.26,41.2,2.4,4026.64,720.6
2023-04-07 13:16:28.376753507,Clothing,North,Corporate,10,470.73,0.2,11.95,1.1,3765.84,929.51
2023-04-09 00:23:05.170340681,Clothing,West,Consumer,7,414.29,0.07,39.55,1.2,2697.03,917.46
2023-04-10 11:29:41.963927855,Sports,South,Corporate,17,335.15,,,,4159.21,703.42
2023-04-11 22:36:18.757515030,Sports,North,Home Office,14,290.71,0.4,16.42,1.9,2441.96,-16.42
2023-04-13 09:42:55.551102204,Electronics,South,Home Office,3,177.54,0.3,17.64,3.7,372.83,35.62
2023-04-14 20:49:32.344689378,Books,East,Consumer,12,83.85,0.3,40.04,1.6,704.34,60.58
2023-04-16 07:56:09.138276552,Books,South,Home Office,13,304.45,0.38,24.15,1.5,2453.87,55.01
2023-04-17 19:02:45.931863728,Clothing,South,Home Office,2,162.47,,,,298.94,66.9
2023-04-19 06:09:22.725450902,Books,North,Consumer,3,433.89,0.23,9.1,3.7,1002.29,212.19
2023-04-20 17:15:59.519038076,Clothing,North,Corporate,5,496.7,0.39,42.92,2.7,1514.94,-18.08
2023-04-22 04:22:36.312625250,Electronics,North,Corporate,11,377.45,,,,3861.31,1334.02
2023-04-23 15:29:13.106212424,Sports,South,Corporate,8,49.79,0.28,45.53,2.2,286.79,2.27
2023-04-25 02:35:49.899799598,Sports,East,Consumer,12,147.9,0.23,8.35,2.9,1366.6,293.37
2023-04-26 13:42:26.693386774,Sports,West,Home Office,7,59.01,0.23,30.46,3.0,318.06,39.76
2023-04-28 00:49:03.486973948,Books,West,Corporate,15,327.0,0.28,30.76,2.5,3531.6,557.84
2023-04-29 11:55:40.280561122,Electronics,North,Corporate,17,383.77,0.37,18.97,4.6,4110.18,176.76
2023-04-30 23:02:17.074148296,Books,North,Consumer,4,463.21,0.31,24.01,1.1,1278.46,142.75
2023-05-02 10:08:53.867735470,Books,South,Corporate,13,221.9,0.02,3.82,4.1,2827.01,1092.37
2023-05-03 21:15:30.661322644,Electronics,West,Consumer,18,451.18,,,,5360.02,449.48
2023-05-05 08:22:07.454909820,Electronics,North,Home Office,1,439.56,0.09,28.37,4.2,400.0,107.89
2023-05-06 19:28:44.248496994,Electronics,East,Consumer,16,162.01,0.15,4.77,3.5,2203.34,643.27
2023-05-08 06:35:21.042084168,Electronics,East,Consumer,13,435.11,0.18,34.68,4.4,4638.27,1209.73
2023-05-09 17:41:57.835671342,Sports,North,Consumer,10,190.96,0.19,24.41,1.4,1546.78,376.61
2023-05-11 04:48:34.629258516,Home & Garden,North,Consumer,12,151.95,0.17,3.65,3.2,1513.42,415.73
2023-05-12 15:55:11.422845690,Home & Garden,West,Home Office,2,326.29,0.37,48.54,3.0,411.13,-28.96
2023-05-14 03:01:48.216432866,Electronics,West,Home Office,3,167.55,0.28,47.56,3.8,361.91,12.76
2023-05-15 14:08:25.010020040,Home & Garden,South,Corporate,10,316.95,0.25,26.62,3.1,2377.12,448.8
2023-05-17 01:15:01.803607214,Home & Garden,West,Home Office,2,306.87,0.02,6.5,3.2,601.47,226.73
2023-05-18 12:21:38.597194388,Electronics,East,Home Office,13,283.9,0.36,38.22,2.7,2362.05,109.41
2023-05-19 23:28:15.390781562,Home & Garden,East,Corporate,13,193.31,0.36,25.61,2.2,1608.34,74.91
2023-05-21 10:34:52.184368736,Books,North,Home Office,18,276.51,0.31,16.52,2.9,3434.25,431.42
2023-05-22 21:41:28.977955912,Clothing,West,Consumer,3,300.26,0.0,25.59,1.5,900.78,334.72
2023-05-24 08:48:05.771543086,Clothing,South,Consumer,7,275.12,0.02,27.08,4.8,1887.32,704.74
2023-05-25 19:54:42.565130260,Electronics,East,Corporate,14,224.99,0.09,29.01,3.9,2866.37,947.44
2023-05-27 07:01:19.358717434,Sports,East,Corporate,17,12.26,0.05,23.18,4.8,198.0,49.77
2023-05-28 18:07:56.152304608,Electronics,South,Corporate,12,295.6,0.16,31.08,1.9,2979.65,820.25
2023-05-30 05:14:32.945891784,Sports,South,Consumer,16,88.38,0.37,46.1,4.5,890.87,-3.68
2023-05-31 16:21:09.739478958,Clothing,East,Home Office,12,323.08,0.19,19.39,4.2,3140.34,794.77
2023-06-02 03:27:46.533066132,Electronics,East,Consumer,15,380.88,,,,5656.07,2191.32
2023-06-03 14:34:23.326653306,Books,South,Corporate,10,252.72,0.11,44.93,3.5,2249.21,687.96
2023-06-05 01:41:00.120240480,Home & Garden,East,Home Office,7,273.47,0.02,23.89,2.3,1876.0,703.54
2023-06-06 12:47:36.913827654,Sports,North,Home Office,5,475.98,0.01,23.29,4.3,2356.1,904.87
2023-06-07 23:54:13.707414830,Home & Garden,North,Consumer,1,424.35,0.11,30.9,3.0,377.67,92.16
2023-06-09 11:00:50.501002004,Home & Garden,South,Corporate,17,457.55,0.11,30.39,1.3,6922.73,2225.33
2023-06-10 22:07:27.294589178,Electronics,West,Consumer,3,407.81,0.31,40.72,2.3,844.17,69.39
2023-06-12 09:14:04.088176352,Home & Garden,South,Home Office,13,58.91,0.39,24.87,4.7,467.16,-17.21
2023-06-13 20:20:40.881763526,Books,South,Consumer,14,78.75,0.15,49.81,4.4,937.12,225.81
2023-06-15 07:27:17.675350700,Home & Garden,West,Consumer,18,265.68,0.17,4.85,4.9,3969.26,1095.07
2023-06-16 18:33:54.468937876,Electronics,West,Corporate,4,126.8,0.34,2.15,3.5,334.75,28.28
2023-06-18 05:40:31.262525050,Books,West,Corporate,18,240.96,0.11,32.73,2.0,3860.18,1225.08
2023-06-19 16:47:08.056112224,Clothing,North,Home Office,5,200.21,0.06,16.32,1.7,940.99,324.04
2023-06-21 03:53:44.849699398,Home & Garden,East,Consumer,16,276.96,0.34,13.54,1.7,2924.7,252.34
2023-06-22 15:00:21.643286572,Electronics,North,Consumer,1,374.7,0.02,16.97,1.1,367.21,125.42
2023-06-24 02:06:58.436873746,Clothing,East,Consumer,14,359.17,0.25,14.29,2.6,3771.28,739.96
2023-06-25 13:13:35.230460922,Clothing,North,Home Office,15,263.01,0.22,3.48,1.8,3077.22,706.65
2023-06-27 00:20:12.024048096,Sports,East,Home Office,9,412.08,0.14,48.63,2.6,3189.5,915.64
2023-06-28 11:26:48.817635270,Books,North,Corporate,15,218.28,0.13,12.6,4.7,2848.55,871.43
2023-06-29 22:33:25.611222444,Home & Garden,West,Corporate,17,448.87,0.31,37.23,2.7,10303.98566832495,649.55
2023-07-01 09:40:02.404809618,Electronics,South,Corporate,4,40.28,,,,156.29,21.02
2023-07-02 20:46:39.198396792,Sports,North,Consumer,12,477.56,0.09,46.6,3.4,5214.96,1729.93
2023-07-04 07:53:15.991983968,Books,East,Consumer,5,329.07,0.29,3.47,2.0,1168.2,177.52
2023-07-05 18:59:52.785571142,Sports,West,Corporate,5,193.14,0.22,43.86,2.4,753.25,129.97
2023-07-07 06:06:29.579158316,Books,North,Consumer,11,102.59,0.05,27.31,1.3,1072.07,367.67
2023-07-08 17:13:06.372745490,Books,North,Corporate,6,242.2,0.35,32.36,2.3,944.58,40.3
2023-07-10 04:19:43.166332664,Home & Garden,West,Home Office,7,101.31,0.16,32.93,3.7,595.7,137.27
2023-07-11 15:26:19.959919840,Books,North,Corporate,14,87.33,0.33,41.35,1.3,819.16,44.24
2023-07-13 02:32:56.753507014,Sports,South,Home Office,11,310.59,0.32,18.0,1.8,2323.21,255.32
2023-07-14 13:39:33.547094188,Books,North,Consumer,13,263.93,0.25,37.19,2.5,2573.32,477.48
2023-07-16 00:46:10.340681362,Home & Garden,South,Corporate,2,336.7,0.2,27.37,4.9,538.72,107.31
2023-07-17 11:52:47.134268536,Home & Garden,South,Consumer,7,465.15,0.39,40.08,4.1,1986.19,-7.52
2023-07-18 22:59:23.927855710,Sports,West,Home Office,4,268.47,0.06,49.55,3.9,1009.45,315.57
2023-07-20 10:06:00.721442886,Clothing,North,Home Office,8,292.56,0.29,11.63,1.5,1661.74,245.82
2023-07-21 21:12:37.515030060,Clothing,West,Home Office,19,49.37,0.08,49.74,4.1,862.99,250.43
2023-07-23 08:19:14.308617234,Books,North,Consumer,13,360.23,0.14,6.31,4.1,4027.37,1211.27
2023-07-24 19:25:51.102204408,Electronics,North,Consumer,14,202.95,0.12,2.11,3.4,2500.34,793.45
2023-07-26 06:32:27.895791582,Books,East,Consumer,10,488.48,0.38,4.12,5.0,3028.58,93.58
2023-07-27 17:39:04.689378756,Sports,North,Consumer,11,412.47,0.39,18.41,2.3,2767.67,26.96
2023-07-29 04:45:41.482965932,Sports,West,Home Office,2,263.63,0.07,32.38,4.8,490.35,141.61
2023-07-30 15:52:18.276553104,Sports,South,Home Office,9,66.0,0.01,5.31,4.7,588.06,226.35
2023-08-01 02:58:55.070140280,Sports,North,Corporate,17,430.41,0.29,2.27,1.0,5195.05,802.6
2023-08-02 14:05:31.863727456,Sports,East,Corporate,3,400.89,0.17,46.98,2.8,998.22,229.64
2023-08-04 01:12:08.657314628,Home & Garden,West,Consumer,6,96.37,0.04,41.45,4.9,555.09,166.71
2023-08-05 12:18:45.450901804,Clothing,North,Home Office,5,151.16,0.27,40.84,1.4,551.73,57.41
2023-08-06 23:25:22.244488976,Sports,West,Home Office,5,397.74,0.22,44.45,3.2,1551.19,313.52
2023-08-08 10:31:59.038076152,Electronics,East,Home Office,15,96.69,0.39,35.6,4.9,9768.189505401893,-21.1
2023-08-09 21:38:35.831663324,Electronics,East,Corporate,17,459.29,0.09,7.01,3.2,7105.22,2413.45
2023-08-11 08:45:12.625250500,Electronics,West,Corporate,9,215.14,0.16,21.16,1.8,1626.46,443.54
2023-08-12 19:51:49.418837676,Electronics,North,Home Office,3,48.08,0.22,36.71,3.3,112.51,-10.74
2023-08-14 06:58:26.212424848,Home & Garden,South,Home Office,17,408.8,0.32,15.46,1.8,4725.73,540.51
2023-08-15 18:05:03.006012024,Electronics,East,Home Office,10,189.89,,,,1481.14,306.8
2023-08-17 05:11:39.799599196,Sports,North,Corporate,3,265.62,0.25,3.18,1.3,597.64,116.34
2023-08-18 16:18:16.593186372,Books,North,Home Office,18,60.59,0.09,16.69,3.4,992.46,321.4
2023-08-20 03:24:53.386773548,Electronics,South,Home Office,18,6.28,0.34,28.36,3.1,74.61,-21.57
2023-08-21 14:31:30.180360720,Home & Garden,East,Consumer,17,320.8,0.17,32.34,4.0,4526.49,1221.99
2023-08-23 01:38:06.973947896,Home & Garden,East,Consumer,3,260.01,0.06,29.7,3.5,733.23,235.51
2023-08-24 12:44:43.767535068,Electronics,North,Corporate,3,298.8,0.27,35.49,3.2,654.37,81.04
2023-08-25 23:51:20.561122244,Books,North,Home Office,6,397.9,0.09,2.29,3.8,2172.53,737.8
2023-08-27 10:57:57.354709420,Electronics,South,Home Office,13,325.07,0.04,6.85,1.6,4056.87,1514.47
2023-08-28 22:04:34.148296592,Home & Garden,South,Consumer,15,91.51,0.34,43.71,3.4,905.95,38.65
2023-08-30 09:11:10.941883768,Clothing,East,Corporate,9,183.58,0.18,34.72,1.7,1354.82,328.77
2023-08-31 20:17:47.735470940,Sports,West,Consumer,4,453.42,0.3,7.42,4.7,1269.58,173.95
2023-09-02 07:24:24.529058116,Home & Garden,East,Consumer,14,386.12,0.12,42.42,1.3,4757.0,1471.17
2023-09-03 18:31:01.322645288,Electronics,North,Consumer,5,280.54,0.31,13.63,2.7,967.86,112.61
2023-09-05 05:37:38.116232464,Sports,East,Consumer,2,131.54,0.04,24.96,3.8,252.56,69.75
2023-09-06 16:44:14.909819640,Electronics,West,Home Office,11,154.52,0.14,8.97,2.8,1461.76,432.96
2023-09-08 03:50:51.703406812,Electronics,South,Home Office,9,367.32,0.39,36.09,1.4,2016.59,-3.03
2023-09-09 14:57:28.496993988,Clothing,West,Consumer,3,426.33,0.32,34.01,3.2,869.71,68.31
2023-09-11 02:04:05.290581160,Sports,West,Corporate,9,337.36,0.2,12.13,3.6,2428.99,595.12
2023-09-12 13:10:42.084168336,Sports,West,Corporate,3,405.72,0.14,43.44,3.8,1046.76,273.02
2023-09-14 00:17:18.877755512,Clothing,South,Corporate,2,384.49,0.35,21.26,2.5,499.84,17.19
2023-09-15 11:23:55.671342684,Home & Garden,West,Corporate,12,79.1,0.22,16.04,3.3,740.38,154.82
2023-09-16 22:30:32.464929860,Electronics,West,Consumer,10,214.85,0.3,9.31,2.8,11538.096773142808,205.54
2023-09-18 09:37:09.258517032,Books,West,Home Office,9,80.73,0.3,14.78,3.7,508.6,57.88
2023-09-19 20:43:46.052104208,Electronics,North,Corporate,15,121.44,0.01,3.06,3.3,1803.38,707.36
2023-09-21 07:50:22.845691380,Electronics,West,Consumer,8,435.28,0.05,30.0,3.1,3308.13,1188.79
2023-09-22 18:56:59.639278556,Home & Garden,South,Corporate,5,239.08,0.26,42.43,2.0,884.6,124.93
2023-09-24 06:03:36.432865732,Electronics,West,Corporate,11,270.0,0.06,28.35,1.0,2791.8,981.45
2023-09-25 17:10:13.226452904,Clothing,West,Consumer,2,93.33,0.1,12.53,1.7,167.99,43.46
2023-09-27 04:16:50.020040080,Clothing,South,Home Office,15,159.57,0.38,3.62,1.5,1484.0,44.25
2023-09-28 15:23:26.813627252,Sports,West,Home Office,6,118.97,0.22,12.3,2.8,556.78,116.19
2023-09-30 02:30:03.607214428,Books,South,Consumer,8,107.06,0.3,21.97,3.4,599.54,63.68
2023-10-01 13:36:40.400801604,Electronics,West,Home Office,5,320.79,0.22,38.46,1.9,1251.08,250.25
2023-10-03 00:43:17.194388776,Electronics,South,Consumer,16,132.16,0.22,11.02,4.8,1649.36,369.6
2023-10-04 11:49:53.987975952,Home & Garden,West,Consumer,18,317.85,0.04,36.55,1.0,5492.45,2023.12
2023-10-05 22:56:30.781563124,Clothing,West,Consumer,6,33.94,0.14,43.61,4.1,175.13,9.34
2023-10-07 10:03:07.575150300,Books,North,Home Office,5,75.18,0.11,23.79,3.5,334.55,85.22
2023-10-08 21:09:44.368737472,Sports,North,Consumer,16,140.9,0.16,41.43,2.5,1893.7,499.63
2023-10-10 08:16:21.162324648,Clothing,West,Corporate,13,300.54,0.32,28.62,1.2,2656.77,283.94
2023-10-11 19:22:57.955911824,Sports,West,Home Office,5,339.54,,,,1443.04,391.84
2023-10-13 06:29:34.749498996,Home & Garden,East,Home Office,13,224.14,0.18,27.26,2.5,2389.33,613.78
2023-10-14 17:36:11.543086172,Home & Garden,South,Home Office,17,225.67,0.16,24.23,4.7,3222.57,896.51
2023-10-16 04:42:48.336673344,Electronics,East,Home Office,18,363.64,0.04,13.26,3.2,6283.7,2343.13
2023-10-17 15:49:25.130260520,Books,North,Corporate,8,12.83,0.18,16.55,4.8,9747.049559890766,6.03
2023-10-19 02:56:01.923847696,Sports,North,Home Office,13,173.84,0.08,15.92,1.9,2079.13,707.26
2023-10-20 14:02:38.717434868,Clothing,North,Home Office,19,410.26,0.07,29.04,3.9,7249.29,2543.29
2023-10-22 01:09:15.511022044,Home & Garden,North,Consumer,3,303.59,0.04,7.76,3.5,874.34,320.12
2023-10-23 12:15:52.304609216,Electronics,West,Home Office,8,171.93,0.14,46.01,4.0,1182.88,311.61
2023-10-24 23:22:29.098196392,Electronics,North,Corporate,2,453.23,0.3,36.59,1.9,634.52,54.05
2023-10-26 10:29:05.891783568,Sports,West,Corporate,8,387.45,0.11,21.27,3.7,2758.64,877.61
2023-10-27 21:35:42.685370740,Home & Garden,West,Corporate,13,136.12,0.12,9.61,3.0,1557.21,485.86
2023-10-29 08:42:19.478957916,Books,North,Corporate,13,324.42,0.26,44.34,4.0,3120.92,546.1
2023-10-30 19:48:56.272545088,Home & Garden,North,Home Office,1,299.9,0.08,41.54,2.3,275.91,54.43
2023-11-01 06:55:33.066132264,Sports,South,Home Office,6,203.59,0.36,36.64,4.6,781.79,12.23
2023-11-02 18:02:09.859719436,Sports,East,Corporate,19,186.64,0.21,15.03,1.3,2801.47,658.74
2023-11-04 05:08:46.653306612,Home & Garden,North,Corporate,16,175.06,0.18,21.32,4.2,2296.79,594.89
2023-11-05 16:15:23.446893788,Sports,South,Home Office,8,310.49,0.22,6.93,4.4,1937.46,440.18
2023-11-07 03:22:00.240480960,Home & Garden,South,Corporate,1,223.99,0.07,11.07,4.3,208.31,62.85
2023-11-08 14:28:37.034068136,Clothing,East,Consumer,16,416.77,0.25,39.58,3.1,5001.24,960.67
2023-11-10 01:35:13.827655308,Home & Garden,West,Corporate,9,336.45,0.15,36.32,2.8,2573.84,720.69
2023-11-11 12:41:50.621242484,Home & Garden,North,Corporate,13,39.62,0.36,30.49,5.0,329.64,-9.89
2023-11-12 23:48:27.414829660,Sports,East,Consumer,11,321.88,0.07,44.99,1.9,3292.83,1123.43
2023-11-14 10:55:04.208416832,Sports,North,Consumer,13,139.22,0.2,30.0,3.2,1447.89,331.97
2023-11-15 22:01:41.002004008,Electronics,South,Home Office,10,298.44,0.24,24.41,3.7,2268.14,453.09
2023-11-17 09:08:17.795591180,Electronics,South,Home Office,4,341.67,0.01,18.34,3.8,1353.01,514.66
2023-11-18 20:14:54.589178356,Clothing,West,Consumer,6,119.26,0.15,47.14,1.8,608.23,131.75
2023-11-20 07:21:31.382765528,Electronics,South,Consumer,7,231.15,0.29,5.97,3.6,1148.82,172.02
2023-11-21 18:28:08.176352704,Home & Garden,South,Home Office,5,99.21,0.33,46.68,4.3,332.35,-11.96
2023-11-23 05:34:44.969939880,Sports,East,Corporate,11,30.91,0.13,41.68,1.2,295.81,50.12
2023-11-24 16:41:21.763527052,Electronics,North,Consumer,13,192.35,0.32,8.24,4.6,1700.37,191.8
2023-11-26 03:47:58.557114228,Electronics,North,Home Office,19,184.66,0.39,29.12,1.1,2140.21,5.97
2023-11-27 14:54:35.350701400,Clothing,East,Corporate,10,497.76,0.34,43.59,2.4,3285.22,255.07
2023-11-29 02:01:12.144288576,Clothing,West,Consumer,10,225.94,0.05,29.45,1.1,2146.43,761.34
2023-11-30 13:07:48.937875752,Home & Garden,North,Corporate,11,170.12,0.3,45.55,1.3,1309.92,141.58
2023-12-02 00:14:25.731462924,Sports,South,Home Office,7,292.34,0.13,47.26,4.6,1780.35,505.26
2023-12-03 11:21:02.525050100,Clothing,North,Consumer,18,48.94,0.4,22.27,2.4,528.55,-22.27
2023-12-04 22:27:39.318637272,Electronics,South,Corporate,4,481.02,0.19,20.11,2.7,1558.5,383.94
2023-12-06 09:34:16.112224448,Sports,West,Consumer,2,319.31,0.05,46.94,1.9,606.69,176.58
2023-12-07 20:40:52.905811624,Sports,East,Corporate,14,378.64,0.29,34.41,3.4,3763.68,548.69
2023-12-09 07:47:29.699398796,Electronics,North,Home Office,13,89.39,0.13,7.57,3.4,1011.0,306.19
2023-12-10 18:54:06.492985972,Clothing,East,Home Office,12,207.69,0.4,4.03,2.5,1495.37,-4.03
2023-12-12 06:00:43.286573144,Electronics,North,Consumer,7,214.23,0.39,29.1,2.3,914.76,-14.11
2023-12-13 17:07:20.080160320,Sports,South,Corporate,2,411.79,0.26,46.65,4.5,609.45,68.65
2023-12-15 04:13:56.873747492,Books,East,Consumer,13,5.61,0.05,42.52,2.5,69.28,-17.0
2023-12-16 15:20:33.667334668,Books,North,Consumer,14,153.92,0.27,34.44,3.0,1573.06,245.69
2023-12-18 02:27:10.460921844,Home & Garden,South,Corporate,17,490.71,0.04,8.68,2.1,8008.39,2994.47
2023-12-19 13:33:47.254509016,Electronics,East,Corporate,9,240.07,0.01,14.2,4.1,2139.02,828.44
2023-12-21 00:40:24.048096192,Electronics,East,Corporate,17,194.35,0.33,44.02,2.6,2213.65,187.26
2023-12-22 11:47:00.841683364,Home & Garden,North,Home Office,8,64.32,0.08,10.77,3.1,473.4,153.89
2023-12-23 22:53:37.635270540,Home & Garden,North,Consumer,2,487.21,0.15,15.37,2.0,828.26,228.24
2023-12-25 10:00:14.428857716,Home & Garden,North,Consumer,13,14.91,0.39,8.22,5.0,118.24,-6.28
2023-12-26 21:06:51.222444888,Sports,South,Home Office,3,369.9,0.13,34.45,2.2,965.44,265.17
2023-12-28 08:13:28.016032064,Electronics,North,Corporate,16,385.46,0.12,47.31,4.1,5427.28,1679.55
2023-12-29 19:20:04.809619236,Sports,East,Home Office,6,125.61,0.37,14.91,2.7,474.81,7.7
2023-12-31 06:26:41.603206412,Home & Garden,East,Home Office,19,337.42,0.04,24.82,1.8,6154.54,2283.13
2024-01-01 17:33:18.396793584,Electronics,North,Home Office,7,51.0,0.3,32.45,4.2,249.9,3.25
2024-01-03 04:39:55.190380760,Sports,North,Consumer,10,132.24,0.4,49.97,2.3,793.44,-49.97
2024-01-04 15:46:31.983967936,Sports,West,Home Office,9,395.01,0.36,7.03,4.5,2275.26,135.18
2024-01-06 02:53:08.777555108,Home & Garden,East,Consumer,2,433.02,0.26,25.93,4.7,640.87,95.32
2024-01-07 13:59:45.571142284,Electronics,South,Consumer,15,306.2,0.13,20.49,4.4,3995.91,1219.62
2024-01-09 01:06:22.364729456,Home & Garden,West,Consumer,5,255.89,0.1,43.56,1.1,1151.5,340.27
2024-01-10 12:12:59.158316632,Electronics,North,Corporate,4,83.86,0.33,24.85,4.1,224.74,-1.37
2024-01-11 23:19:35.951903808,Books,North,Consumer,4,36.24,0.35,7.33,2.6,94.22,-0.09
2024-01-13 10:26:12.745490980,Clothing,East,Consumer,18,63.24,0.21,32.45,4.5,899.27,183.83
2024-01-14 21:32:49.539078156,Clothing,North,Corporate,4,117.54,0.1,39.0,3.6,423.14,102.04
2024-01-16 08:39:26.332665328,Clothing,South,Consumer,17,174.13,0.05,2.14,4.3,2812.2,1033.93
2024-01-17 19:46:03.126252504,Home & Garden,East,Home Office,12,193.55,0.03,43.23,3.0,2252.92,816.13
2024-01-19 06:52:39.919839680,Books,North,Home Office,17,176.43,0.29,10.93,3.1,2129.51,318.99
2024-01-20 17:59:16.713426852,Electronics,East,Consumer,10,123.33,0.17,28.5,1.6,1023.64,255.16
2024-01-22 05:05:53.507014028,Sports,North,Corporate,1,257.31,0.36,21.96,4.1,164.68,-11.67
2024-01-23 16:12:30.300601200,Electronics,North,Home Office,18,413.52,0.3,36.54,2.7,5210.35,707.79
2024-01-25 03:19:07.094188376,Sports,North,Corporate,18,143.45,0.08,19.82,3.0,2375.53,806.45
2024-01-26 14:25:43.887775548,Electronics,South,Corporate,14,471.48,0.25,43.75,4.1,4950.54,946.36
2024-01-28 01:32:20.681362724,Books,South,Home Office,15,437.3,0.17,37.06,3.4,5444.38,1471.62
2024-01-29 12:38:57.474949900,Sports,East,Corporate,12,85.07,0.23,33.09,1.8,786.05,140.46
2024-01-30 23:45:34.268537072,Home & Garden,North,Home Office,4,394.21,0.3,40.22,3.4,1103.79,117.47
2024-02-01 10:52:11.062124248,Electronics,North,Corporate,3,289.42,0.32,38.19,2.6,590.42,31.27
2024-02-02 21:58:47.855711420,Electronics,South,Home Office,12,285.45,0.34,3.73,2.9,2260.76,201.79
2024-02-04 09:05:24.649298596,Sports,North,Consumer,7,198.57,0.1,20.95,1.1,1250.99,396.05
2024-02-05 20:12:01.442885772,Home & Garden,South,Home Office,11,253.07,0.01,46.68,1.8,2755.93,1038.99
2024-02-07 07:18:38.236472944,Home & Garden,North,Home Office,1,201.6,0.3,8.03,2.1,141.12,12.13
2024-02-08 18:25:15.030060120,Books,East,Home Office,6,272.17,0.04,37.38,3.9,1567.7,550.51
2024-02-10 05:31:51.823647292,Home & Garden,North,Home Office,15,315.84,0.13,48.78,1.0,4121.71,1230.37
2024-02-11 16:38:28.617234468,Home & Garden,North,Corporate,15,338.78,0.0,4.51,2.6,5081.7,2028.17
2024-02-13 03:45:05.410821640,Home & Garden,West,Consumer,19,268.58,0.27,34.75,4.7,3725.2,628.64
2024-02-14 14:51:42.204408816,Clothing,South,Home Office,11,362.1,,,,3704.28,1289.95
2024-02-16 01:58:18.997995992,Books,North,Corporate,2,74.93,0.26,29.8,3.1,110.9,-8.82
2024-02-17 13:04:55.791583164,Electronics,North,Consumer,14,109.93,0.4,6.1,4.1,923.41,-6.1
2024-02-19 00:11:32.585170340,Sports,West,Consumer,2,410.27,0.03,4.06,4.8,795.92,299.54
2024-02-20 11:18:09.378757512,Electronics,West,Consumer,4,164.65,0.03,34.01,4.0,638.84,209.67
2024-02-21 22:24:46.172344688,Books,South,Consumer,17,16.33,0.14,41.52,3.9,238.74,30.65
2024-02-23 09:31:22.965931864,Sports,West,Home Office,3,81.13,0.35,39.54,4.3,158.2,-27.37
2024-02-24 20:37:59.759519040,Books,East,Home Office,13,115.69,0.09,28.1,2.8,1368.61,438.13
2024-02-26 07:44:36.553106208,Home & Garden,West,Corporate,9,478.87,0.14,6.79,4.2,3706.45,1113.76
2024-02-27 18:51:13.346693384,Sports,East,Corporate,7,288.66,0.03,35.03,1.0,1960.0,712.6
2024-02-29 05:57:50.140280560,Home & Garden,South,Corporate,15,466.7,0.31,13.61,4.7,4830.34,616.43
2024-03-01 17:04:26.933867736,Electronics,South,Consumer,11,289.71,0.16,45.73,2.8,2676.92,719.1
2024-03-03 04:11:03.727454912,Electronics,South,Consumer,2,242.28,0.3,42.24,3.2,339.19,6.21
2024-03-04 15:17:40.521042080,Sports,South,Home Office,15,160.3,0.36,36.05,2.0,1538.88,60.13
2024-03-06 02:24:17.314629256,Sports,South,Consumer,14,305.15,0.09,47.54,4.0,3887.61,1276.81
2024-03-07 13:30:54.108216432,Books,East,Consumer,11,73.9,0.32,3.51,1.3,552.77,61.52
2024-03-09 00:37:30.901803608,Books,East,Consumer,3,449.64,0.02,37.34,4.5,1321.94,475.25
2024-03-10 11:44:07.695390784,Home & Garden,South,Corporate,17,415.52,0.36,17.85,4.3,4520.86,264.71
2024-03-11 22:50:44.488977952,Sports,West,Corporate,12,162.18,0.26,45.49,1.9,1440.16,226.97
2024-03-13 09:57:21.282565128,Electronics,North,Home Office,15,476.63,0.35,14.8,4.2,4647.14,342.67
2024-03-14 21:03:58.076152304,Books,South,Consumer,16,413.47,0.0,36.79,4.1,6615.52,2609.42
2024-03-16 08:10:34.869739480,Books,West,Consumer,5,334.82,0.07,44.13,3.5,1556.91,508.32
2024-03-17 19:17:11.663326648,Electronics,North,Home Office,6,65.27,0.16,4.0,2.5,328.96,89.99
2024-03-19 06:23:48.456913824,Books,South,Consumer,19,241.73,0.15,21.09,2.1,3903.94,1127.13
2024-03-20 17:30:25.250501000,Home & Garden,South,Consumer,5,255.52,0.09,38.59,1.9,1162.62,357.47
2024-03-22 04:37:02.044088176,Sports,East,Corporate,3,120.11,0.15,23.84,2.3,306.28,66.24
2024-03-23 15:43:38.837675352,Electronics,North,Home Office,1,44.58,0.05,14.83,4.6,42.35,0.77
2024-03-25 02:50:15.631262520,Sports,North,Home Office,6,389.48,0.17,12.55,1.3,1939.61,524.93
2024-03-26 13:56:52.424849696,Books,West,Home Office,15,65.41,0.32,8.31,4.3,667.18,70.18
2024-03-28 01:03:29.218436872,Books,East,Home Office,2,299.17,0.19,43.14,2.4,484.66,82.52
2024-03-29 12:10:06.012024048,Electronics,East,Corporate,3,468.54,0.01,29.62,3.1,1391.56,518.57
2024-03-30 23:16:42.805611224,Home & Garden,East,Corporate,17,438.67,0.17,5.67,4.2,6189.63,1709.53
2024-04-01 10:23:19.599198392,Clothing,East,Consumer,12,142.49,0.01,20.36,4.5,1692.78,646.49
2024-04-02 21:29:56.392785568,Electronics,North,Consumer,18,426.47,0.39,19.65,2.4,4682.64,57.11
2024-04-04 08:36:33.186372744,Clothing,North,Consumer,15,5.16,0.05,10.72,2.8,73.53,16.37
2024-04-05 19:43:09.979959920,Clothing,South,Consumer,12,13.76,0.28,22.9,2.7,118.89,-3.08
2024-04-07 06:49:46.773547096,Home & Garden,South,Corporate,16,303.26,,,,2959.82,30.58
2024-04-08 17:56:23.567134264,Clothing,East,Home Office,8,185.58,0.33,18.41,2.2,994.71,85.52
2024-04-10 05:03:00.360721440,Clothing,East,Corporate,14,196.3,0.28,37.47,2.8,1978.7,292.31
2024-04-11 16:09:37.154308616,Home & Garden,East,Consumer,17,284.4,0.34,12.72,2.6,3190.97,277.37
2024-04-13 03:16:13.947895792,Clothing,South,Corporate,8,99.93,0.39,32.81,3.9,487.66,-24.81
2024-04-14 14:22:50.741482968,Clothing,West,Home Office,15,109.82,0.25,29.39,2.5,1235.47,217.7
2024-04-16 01:29:27.535070136,Clothing,West,Home Office,14,244.88,0.22,29.27,3.0,2674.09,587.83
2024-04-17 12:36:04.328657312,Electronics,South,Corporate,18,378.36,0.25,33.82,2.7,5107.86,987.75
2024-04-18 23:42:41.122244488,Electronics,South,Corporate,7,311.65,0.21,28.32,4.0,1723.42,386.17
2024-04-20 10:49:17.915831664,Electronics,South,Corporate,3,152.19,0.25,44.2,4.5,342.43,24.29
2024-04-21 21:55:54.709418840,Home & Garden,South,Consumer,12,218.02,0.18,34.43,3.1,2145.32,541.15
2024-04-23 09:02:31.503006008,Books,South,Corporate,3,89.48,0.09,28.25,4.2,244.28,54.97
2024-04-24 20:09:08.296593184,Clothing,South,Corporate,14,41.94,0.05,41.83,2.2,557.8,163.67
2024-04-26 07:15:45.090180360,Clothing,East,Corporate,15,392.43,0.03,31.1,3.2,5709.86,2146.89
2024-04-27 18:22:21.883767536,Home & Garden,East,Home Office,14,136.37,0.11,15.97,2.4,1699.17,537.69
2024-04-29 05:28:58.677354704,Clothing,East,Home Office,7,92.99,0.02,11.94,2.7,637.91,235.41
2024-04-30 16:35:35.470941880,Electronics,East,Consumer,17,347.35,0.23,9.31,3.9,4546.81,994.53
2024-05-02 03:42:12.264529056,Books,South,Consumer,12,310.94,0.11,45.17,4.5,3320.84,1036.9
2024-05-03 14:48:49.058116232,Sports,West,Home Office,4,318.43,0.33,36.09,1.5,853.39,53.07
2024-05-05 01:55:25.851703408,Clothing,North,Home Office,9,118.3,0.03,46.99,3.5,12032.852014772816,346.95
2024-05-06 13:02:02.645290576,Electronics,South,Home Office,6,120.16,0.09,30.96,3.3,656.07,192.53
2024-05-08 00:08:39.438877752,Sports,North,Corporate,16,114.3,0.29,24.72,1.5,1298.45,176.45
2024-05-09 11:15:16.232464928,Books,West,Corporate,2,91.01,0.24,4.87,1.8,138.34,24.26
2024-05-10 22:21:53.026052104,Sports,East,Home Office,8,329.58,0.03,34.24,2.2,2557.54,941.32
2024-05-12 09:28:29.819639280,Electronics,West,Corporate,11,424.77,0.35,29.95,1.7,3037.11,203.68
2024-05-13 20:35:06.613226448,Sports,South,Corporate,13,363.54,0.35,49.53,2.0,3071.91,186.77
2024-05-15 07:41:43.406813624,Home & Garden,East,Consumer,17,397.09,0.13,13.48,2.1,5872.96,1809.16
2024-05-16 18:48:20.200400800,Sports,South,Home Office,8,205.38,0.14,27.48,2.3,1413.01,399.71
2024-05-18 05:54:56.993987976,Clothing,East,Home Office,18,328.77,0.4,33.25,4.0,3550.72,-33.25
2024-05-19 17:01:33.787575152,Clothing,North,Corporate,18,180.35,0.25,32.94,3.3,2434.72,454.0
2024-05-21 04:08:10.581162320,Home & Garden,North,Home Office,14,265.12,0.21,28.94,4.9,2932.23,676.28
2024-05-22 15:14:47.374749496,Electronics,North,Consumer,15,243.41,0.34,39.29,2.7,2409.76,179.78
2024-05-24 02:21:24.168336672,Clothing,West,Consumer,6,92.56,0.11,11.84,4.0,494.27,149.21
2024-05-25 13:28:00.961923848,Books,South,Consumer,11,196.6,0.17,36.83,4.5,1794.96,460.57
2024-05-27 00:34:37.755511024,Clothing,West,Home Office,13,482.09,0.11,31.75,3.7,5577.78,1785.73
2024-05-28 11:41:14.549098192,Clothing,North,Home Office,1,128.05,0.32,45.01,2.6,87.07,-34.77
2024-05-29 22:47:51.342685368,Electronics,South,Home Office,6,71.23,0.23,42.67,4.0,329.08,29.98
2024-05-31 09:54:28.136272544,Sports,North,Home Office,9,212.2,0.26,17.13,1.8,1413.25,250.24
2024-06-01 21:01:04.929859720,Clothing,West,Home Office,8,396.22,0.1,15.26,2.3,2852.78,935.66
2024-06-03 08:07:41.723446896,Home & Garden,West,Consumer,11,293.16,0.09,49.12,3.2,2934.53,950.55
2024-06-04 19:14:18.517034064,Sports,West,Corporate,19,342.08,,,,5199.62,1272.6
2024-06-06 06:20:55.310621240,Books,North,Consumer,9,98.9,0.3,45.51,1.1,623.07,43.5
2024-06-07 17:27:32.104208416,Electronics,South,Home Office,17,311.38,0.21,9.87,4.8,4181.83,995.88
2024-06-09 04:34:08.897795592,Books,South,Consumer,12,165.13,0.01,32.86,3.8,1961.74,739.94
2024-06-10 15:40:45.691382760,Sports,North,Home Office,14,417.98,0.35,40.87,3.0,3803.62,251.72
2024-06-12 02:47:22.484969936,Sports,South,Home Office,15,316.5,,,,4605.08,1709.11
2024-06-13 13:53:59.278557112,Sports,North,Consumer,16,103.43,0.38,18.19,2.8,1026.03,14.91
2024-06-15 01:00:36.072144288,Books,South,Home Office,1,36.99,0.01,36.8,4.9,36.62,-22.37
2024-06-16 12:07:12.865731464,Sports,East,Corporate,10,26.1,0.28,27.86,3.0,187.92,3.46
2024-06-17 23:13:49.659318632,Books,East,Home Office,8,188.85,0.03,4.91,1.5,1465.48,554.09
2024-06-19 10:20:26.452905808,Sports,West,Corporate,18,136.6,0.36,35.12,4.1,1573.63,63.23
2024-06-20 21:27:03.246492984,Home & Garden,East,Corporate,1,324.81,0.19,35.12,3.7,263.1,33.09
2024-06-22 08:33:40.040080160,Sports,East,Home Office,2,252.17,0.06,46.67,4.1,474.08,124.81
2024-06-23 19:40:16.833667336,Books,East,Consumer,1,136.68,0.14,25.87,4.8,117.54,9.66
2024-06-25 06:46:53.627254504,Clothing,North,Corporate,1,78.87,0.07,13.05,4.1,73.35,12.98
2024-06-26 17:53:30.420841680,Sports,East,Consumer,9,67.96,,,,568.83,197.71
2024-06-28 05:00:07.214428856,Clothing,East,Corporate,13,433.01,0.38,21.95,4.4,3490.06,90.63
2024-06-29 16:06:44.008016032,Home & Garden,West,Home Office,1,125.52,0.18,16.49,3.7,102.93,11.13
2024-07-01 03:13:20.801603208,Electronics,East,Home Office,13,327.6,,,,2895.98,302.17
2024-07-02 14:19:57.595190376,Home & Garden,East,Corporate,7,406.29,0.26,19.0,4.5,2104.58,379.16
2024-07-04 01:26:34.388777552,Sports,South,Home Office,2,308.97,0.27,47.56,1.9,10614.681243613626,32.78
2024-07-05 12:33:11.182364728,Clothing,West,Corporate,6,430.48,,,,2453.74,855.82
2024-07-06 23:39:47.975951904,Clothing,West,Home Office,7,199.23,0.09,31.8,4.5,1269.1,400.53
2024-07-08 10:46:24.769539080,Books,West,Consumer,14,478.33,0.31,46.58,3.9,4620.67,556.12
2024-07-09 21:53:01.563126248,Clothing,West,Home Office,18,70.91,0.39,38.52,3.8,778.59,-25.76
2024-07-11 08:59:38.356713424,Books,West,Consumer,15,55.56,0.11,28.25,4.0,741.73,213.44
2024-07-12 20:06:15.150300600,Electronics,West,Home Office,2,331.05,0.11,10.65,2.9,589.27,181.36
2024-07-14 07:12:51.943887776,Sports,North,Consumer,10,471.7,0.19,24.01,4.5,3820.77,966.56
2024-07-15 18:19:28.737474944,Books,East,Home Office,12,405.4,0.39,28.92,1.8,2967.53,19.73
2024-07-17 05:26:05.531062120,Electronics,West,Consumer,17,42.83,0.11,43.47,1.5,648.02,167.68
2024-07-18 16:32:42.324649296,Clothing,East,Corporate,8,143.29,0.16,25.1,2.1,10204.147368612748,250.02
2024-07-20 03:39:19.118236472,Clothing,East,Corporate,11,465.51,0.36,45.09,3.1,3277.19,159.73
2024-07-21 14:45:55.911823648,Electronics,North,Consumer,3,130.26,,,,390.78,121.94
2024-07-23 01:52:32.705410816,Clothing,West,Home Office,6,391.68,0.02,8.58,4.3,2303.08,884.45
2024-07-24 12:59:09.498997992,Electronics,South,Consumer,9,413.44,0.24,49.76,2.6,2827.93,545.59
2024-07-26 00:05:46.292585168,Books,North,Home Office,6,250.25,0.36,27.31,2.9,960.96,32.75
2024-07-27 11:12:23.086172344,Books,South,Corporate,9,196.24,0.1,20.81,1.1,1589.54,509.03
2024-07-28 22:18:59.879759520,Electronics,East,Home Office,7,227.81,0.19,33.64,2.6,1291.68,301.24
2024-07-30 09:25:36.673346688,Books,East,Corporate,9,117.35,,,,866.04,225.12
2024-07-31 20:32:13.466933864,Books,North,Home Office,18,445.25,0.19,32.55,1.1,6491.75,1650.5
2024-08-02 07:38:50.260521040,Books,North,Home Office,12,228.06,0.25,25.92,2.1,2052.54,384.59
2024-08-03 18:45:27.054108216,Home & Garden,South,Home Office,8,441.82,0.19,21.52,1.8,2862.99,720.73
2024-08-05 05:52:03.847695392,Sports,West,Consumer,8,57.32,0.18,47.74,1.2,376.02,53.14
2024-08-06 16:58:40.641282560,Clothing,South,Consumer,18,494.2,0.19,27.08,2.9,7205.44,1841.0
2024-08-08 04:05:17.434869736,Home & Garden,North,Corporate,15,224.42,0.24,12.52,1.7,2558.39,526.09
2024-08-09 15:11:54.228456912,Books,South,Corporate,7,28.68,0.21,24.03,4.0,158.6,14.11
2024-08-11 02:18:31.022044088,Electronics,North,Consumer,11,23.82,0.34,46.13,4.4,172.93,-30.41
2024-08-12 13:25:07.815631264,Books,South,Corporate,16,374.37,0.02,10.45,3.2,5870.12,2265.72
2024-08-14 00:31:44.609218432,Sports,North,Consumer,4,331.22,0.33,12.27,4.9,887.67,80.47
2024-08-15 11:38:21.402805608,Books,North,Home Office,6,402.05,0.34,2.63,2.8,1592.12,142.11
2024-08-16 22:44:58.196392784,Electronics,North,Corporate,3,57.16,,,,152.62,47.05
2024-08-18 09:51:34.989979960,Sports,West,Corporate,9,22.61,0.19,41.81,5.0,164.83,0.93
2024-08-19 20:58:11.783567136,Books,South,Consumer,10,256.75,,,,2105.35,527.71
2024-08-21 08:04:48.577154304,Sports,South,Corporate,14,196.86,0.09,19.04,4.8,2508.0,835.34
2024-08-22 19:11:25.370741480,Clothing,South,Corporate,11,233.66,0.16,35.52,1.2,2159.02,581.34
2024-08-24 06:18:02.164328656,Clothing,North,Home Office,18,495.84,0.02,20.97,2.8,8746.62,3370.58
2024-08-25 17:24:38.957915832,Books,South,Corporate,12,485.52,0.11,47.74,1.3,5185.35,1641.87
2024-08-27 04:31:15.751503000,Sports,South,Home Office,12,471.45,0.33,48.42,3.9,3790.46,347.6
2024-08-28 15:37:52.545090176,Electronics,North,Consumer,13,393.0,0.11,20.85,3.4,4547.01,1460.76
2024-08-30 02:44:29.338677352,Books,East,Corporate,13,180.65,0.33,43.0,3.8,1573.46,121.39
2024-08-31 13:51:06.132264528,Clothing,North,Home Office,19,209.0,0.21,39.11,2.5,3137.09,715.38
2024-09-02 00:57:42.925851704,Clothing,South,Consumer,19,277.06,0.35,16.88,2.5,3421.69,246.33
2024-09-03 12:04:19.719438872,Books,North,Corporate,14,416.11,0.23,13.14,1.2,4485.67,977.21
2024-09-04 23:10:56.513026048,Sports,East,Consumer,4,39.01,0.01,24.0,2.4,154.48,36.86
2024-09-06 10:17:33.306613224,Clothing,North,Corporate,13,215.03,0.27,39.5,4.7,2040.63,323.9
2024-09-07 21:24:10.100200400,Sports,South,Consumer,8,45.9,0.02,48.09,2.5,359.86,91.45
2024-09-09 08:30:46.893787576,Clothing,East,Consumer,19,259.76,0.18,38.65,4.3,4047.06,1047.15
2024-09-10 19:37:23.687374744,Clothing,West,Home Office,12,449.96,0.37,43.05,4.4,3401.7,118.94
2024-09-12 06:44:00.480961920,Home & Garden,South,Consumer,18,392.33,0.07,30.95,2.5,6567.6,2299.49
2024-09-13 17:50:37.274549096,Clothing,East,Corporate,6,117.78,0.16,42.1,3.5,593.61,127.5
2024-09-15 04:57:14.068136272,Electronics,East,Corporate,18,488.12,0.29,39.65,1.4,6238.17,926.82
2024-09-16 16:03:50.861723448,Books,West,Home Office,19,335.34,0.35,20.1,1.4,4141.45,298.47
2024-09-18 03:10:27.655310616,Books,North,Corporate,5,10.16,0.27,28.5,1.2,37.08,-21.9
2024-09-19 14:17:04.448897792,Sports,North,Corporate,9,131.43,0.1,40.63,3.3,1064.58,314.23
2024-09-21 01:23:41.242484968,Clothing,South,Corporate,3,134.05,0.27,4.21,2.7,293.57,48.07
2024-09-22 12:30:18.036072144,Electronics,West,Consumer,10,39.28,0.12,40.79,3.2,345.66,69.19
2024-09-23 23:36:54.829659320,Sports,North,Consumer,19,480.11,0.29,10.54,3.1,6476.68,992.89
2024-09-25 10:43:31.623246488,Home & Garden,West,Corporate,3,241.74,0.38,26.7,2.4,449.64,-12.19
2024-09-26 21:50:08.416833664,Sports,North,Home Office,15,448.43,0.29,40.8,3.7,4775.78,699.11
2024-09-28 08:56:45.210420840,Sports,East,Consumer,1,164.5,0.35,14.18,4.0,106.92,-5.96
2024-09-29 20:03:22.004008016,Clothing,North,Home Office,7,66.99,0.0,13.8,1.1,468.93,173.77
2024-10-01 07:09:58.797595192,Home & Garden,West,Corporate,12,239.8,0.29,21.33,1.8,2043.1,295.21
2024-10-02 18:16:35.591182360,Sports,East,Corporate,17,61.41,0.33,44.94,3.9,699.46,28.14
2024-10-04 05:23:12.384769536,Electronics,East,Consumer,5,245.58,0.02,2.02,2.5,1203.34,464.58
2024-10-05 16:29:49.178356712,Electronics,East,Corporate,4,460.55,0.35,45.27,3.6,1197.43,46.84
2024-10-07 03:36:25.971943888,Books,West,Consumer,12,262.78,0.1,9.38,2.4,2838.02,936.62
2024-10-08 14:43:02.765531056,Home & Garden,South,Corporate,18,310.17,0.27,49.52,2.6,4075.63,676.27
2024-10-10 01:49:39.559118232,Home & Garden,South,Corporate,17,82.54,0.32,47.83,1.6,954.16,64.42
2024-10-11 12:56:16.352705408,Books,South,Consumer,19,26.65,0.27,25.74,2.0,369.64,40.09
2024-10-13 00:02:53.146292584,Sports,West,Consumer,9,59.85,0.04,26.61,3.4,517.1,167.3
2024-10-14 11:09:29.939879760,Home & Garden,East,Consumer,4,301.27,0.24,25.11,2.7,915.86,167.7
2024-10-15 22:16:06.733466928,Electronics,South,Corporate,2,52.03,0.22,32.5,4.1,81.17,-13.77
2024-10-17 09:22:43.527054104,Electronics,West,Corporate,4,191.12,0.36,6.35,4.4,489.27,24.23
2024-10-18 20:29:20.320641280,Clothing,South,Home Office,2,277.3,0.16,3.57,3.2,465.86,129.53
2024-10-20 07:35:57.114228456,Home & Garden,North,Consumer,15,197.38,,,,2575.81,794.62
2024-10-21 18:42:33.907815632,Sports,South,Corporate,2,86.02,0.3,23.33,2.2,120.43,-6.12
2024-10-23 05:49:10.701402800,Books,South,Corporate,4,140.53,0.17,15.23,2.7,466.56,114.06
2024-10-24 16:55:47.494989976,Books,East,Consumer,6,464.52,0.26,31.86,3.9,2062.47,358.34
2024-10-26 04:02:24.288577152,Sports,West,Home Office,7,339.61,0.26,49.64,2.5,1759.18,283.18
2024-10-27 15:09:01.082164328,Clothing,East,Consumer,10,250.54,0.36,20.54,3.4,1603.46,79.68
2024-10-29 02:15:37.875751504,Books,East,Home Office,19,11.29,0.24,29.54,1.7,163.03,4.78
2024-10-30 13:22:14.669338672,Home & Garden,East,Corporate,19,496.25,0.2,21.95,3.4,7543.0,1863.8
2024-11-01 00:28:51.462925848,Clothing,East,Home Office,12,337.37,0.06,42.67,4.4,3805.53,1333.8
2024-11-02 11:35:28.256513024,Home & Garden,East,Corporate,3,161.88,0.05,45.31,4.5,461.36,124.67
2024-11-03 22:42:05.050100200,Electronics,South,Consumer,13,440.24,0.06,44.11,3.9,5379.73,1901.75
2024-11-05 09:48:41.843687376,Clothing,East,Consumer,18,132.92,0.07,48.77,4.0,2225.08,740.77
2024-11-06 20:55:18.637274544,Books,East,Consumer,8,274.29,0.26,3.32,3.2,1623.8,303.89
2024-11-08 08:01:55.430861720,Clothing,West,Home Office,15,319.86,0.3,42.31,3.3,3358.53,437.48
2024-11-09 19:08:32.224448896,Clothing,North,Corporate,1,114.43,0.21,38.09,1.5,90.4,-16.35
2024-11-11 06:15:09.018036072,Clothing,South,Consumer,3,489.31,0.33,12.98,2.8,983.51,89.77
2024-11-12 17:21:45.811623248,Clothing,South,Consumer,8,375.35,0.4,47.9,2.8,1801.68,-47.9
2024-11-14 04:28:22.605210416,Home & Garden,South,Corporate,4,281.12,0.33,9.11,4.8,753.4,69.6
2024-11-15 15:34:59.398797592,Electronics,East,Consumer,16,94.39,0.28,34.62,2.7,1087.37,146.61
2024-11-17 02:41:36.192384768,Sports,East,Corporate,10,31.66,0.21,12.79,3.2,250.11,47.36
2024-11-18 13:48:12.985971944,Clothing,East,Corporate,12,163.43,0.18,22.71,3.1,1608.15,408.74
2024-11-20 00:54:49.779559112,Books,West,Corporate,14,377.83,0.03,36.52,3.5,5130.93,1920.64
2024-11-21 12:01:26.573146288,Clothing,North,Corporate,14,138.32,0.16,29.04,4.0,1626.64,435.71
2024-11-22 23:08:03.366733464,Books,East,Corporate,2,272.08,0.36,22.52,1.9,348.26,-0.76
2024-11-24 10:14:40.160320640,Home & Garden,North,Home Office,5,365.33,0.32,17.66,3.1,1242.12,128.47
2024-11-25 21:21:16.953907816,Books,West,Consumer,5,58.43,0.09,42.3,4.3,265.86,48.27
2024-11-27 08:27:53.747494984,Sports,South,Home Office,6,344.22,0.19,8.9,2.9,1672.91,424.82
2024-11-28 19:34:30.541082160,Electronics,East,Consumer,13,50.48,0.33,22.64,2.1,439.68,23.3
2024-11-30 06:41:07.334669336,Books,North,Home Office,9,482.74,0.03,45.38,3.6,4214.32,1562.14
2024-12-01 17:47:44.128256512,Books,North,Corporate,15,246.76,0.15,42.6,4.3,3146.19,882.75
2024-12-03 04:54:20.921843688,Electronics,East,Consumer,14,79.58,0.34,21.25,1.3,735.32,45.6
2024-12-04 16:00:57.715430856,Sports,South,Consumer,7,174.48,0.16,38.63,4.1,1025.94,254.49
2024-12-06 03:07:34.509018032,Clothing,South,Home Office,2,209.64,0.03,41.51,4.3,406.7,113.62
2024-12-07 14:14:11.302605208,Books,South,Home Office,7,380.3,0.22,44.67,2.8,2076.44,434.51
2024-12-09 01:20:48.096192384,Electronics,West,Consumer,6,372.99,0.34,28.14,4.9,1477.04,106.14
2024-12-10 12:27:24.889779560,Home & Garden,North,Home Office,17,307.91,0.24,11.81,4.1,3978.2,825.71
2024-12-11 23:34:01.683366728,Electronics,North,Home Office,2,57.44,0.09,14.25,4.1,104.54,21.36
2024-12-13 10:40:38.476953904,Home & Garden,North,Home Office,3,80.03,0.15,16.19,4.0,204.08,43.84
2024-12-14 21:47:15.270541080,Sports,West,Corporate,5,51.41,0.18,30.5,1.6,210.78,26.05
2024-12-16 08:53:52.064128256,Clothing,North,Corporate,5,290.7,0.23,3.57,1.9,1119.2,243.53
2024-12-17 20:00:28.857715432,Electronics,West,Home Office,1,439.18,,,,307.43,11.39
2024-12-19 07:07:05.651302600,Books,South,Home Office,8,219.73,,,,1687.53,613.34
2024-12-20 18:13:42.444889776,Sports,East,Corporate,12,84.62,0.36,16.17,2.7,649.88,24.45
2024-12-22 05:20:19.238476952,Electronics,North,Corporate,4,281.23,0.0,44.22,4.6,1124.92,405.75
2024-12-23 16:26:56.032064128,Books,North,Consumer,13,406.82,0.15,24.08,4.3,4495.36,1298.08
2024-12-25 03:33:32.825651304,Electronics,South,Consumer,15,372.15,,,,5526.43,2170.52
2024-12-26 14:40:09.619238472,Home & Garden,East,Corporate,11,441.32,0.16,41.68,4.4,4077.8,1123.41
2024-12-28 01:46:46.412825648,Electronics,West,Home Office,10,142.56,0.21,4.29,4.1,1126.22,266.57
2024-12-29 12:53:23.206412824,Electronics,East,Home Office,3,101.01,0.2,36.88,2.7,242.42,23.72
2024-12-31 00:00:00.000000000,Electronics,South,Home Office,14,440.51,0.07,39.15,1.8,5735.44,1996.01
